{
    "chat": [
        {
            "date": "Monday",
            "chats": [
                {
                    "message": "Asperiores alias tempore voluptatum et eveniet mollitia fuga cumque aut.",
                    "date": "2020-11-01T17:14:04.777Z",
                    "first_name": "Rosemary",
                    "last_name": "Deckow",
                    "avatar": "https://s3.amazonaws.com/uifaces/faces/twitter/Stievius/128.jpg",
                    "type": "me"
                },
                {
                    "message": "Porro voluptas alias architecto dolorem nostrum.",
                    "date": "2020-11-01T19:05:52.247Z",
                    "first_name": "Julie",
                    "last_name": "Harber",
                    "avatar": "https://s3.amazonaws.com/uifaces/faces/twitter/uxward/128.jpg",
                    "type": "me"
                },
                {
                    "message": "Sint sit in sit. Perspiciatis et voluptas esse cumque odit occaecati.",
                    "date": "2020-11-01T05:53:32.831Z",
                    "first_name": "Jennifer",
                    "last_name": "Nikolaus",
                    "avatar": "https://s3.amazonaws.com/uifaces/faces/twitter/dhoot_amit/128.jpg",
                    "type": "user"
                },
                {
                    "message": "Ut maiores et ut quia corporis eveniet quia consequuntur. Ratione ipsam aperiam autem qui dolores omnis. Cupiditate corporis dolorum id omnis quidem impedit.",
                    "date": "2020-11-02T00:30:17.112Z",
                    "first_name": "Winifred",
                    "last_name": "Howell",
                    "avatar": "https://s3.amazonaws.com/uifaces/faces/twitter/salleedesign/128.jpg",
                    "type": "me"
                },
                {
                    "message": "Sapiente voluptatem sed quo sit. Est dolorem iusto expedita quis.",
                    "date": "2020-11-01T06:44:11.542Z",
                    "first_name": "Roxanne",
                    "last_name": "Torp",
                    "avatar": "https://s3.amazonaws.com/uifaces/faces/twitter/turkutuuli/128.jpg",
                    "type": "me"
                }
            ]
        },
        {
            "date": "Thursday",
            "chats": [
                {
                    "message": "Sint corporis facere voluptatibus iste ullam blanditiis voluptatem sit. Suscipit velit sed id.",
                    "date": "2020-11-01T05:01:32.592Z",
                    "first_name": "April",
                    "last_name": "Bartoletti",
                    "avatar": "https://s3.amazonaws.com/uifaces/faces/twitter/perfectflow/128.jpg",
                    "type": "me"
                },
                {
                    "message": "Id omnis in aliquid aliquid dolorem ut. Accusamus soluta dolore id qui natus perspiciatis ea. Rem et labore neque.",
                    "date": "2020-11-01T23:34:47.916Z",
                    "first_name": "Faith",
                    "last_name": "Bogisich",
                    "avatar": "https://s3.amazonaws.com/uifaces/faces/twitter/dicesales/128.jpg",
                    "type": "me"
                },
                {
                    "message": "Consequatur enim quia adipisci numquam sunt. Modi reprehenderit et voluptas fugiat unde nesciunt. Minus quo nemo voluptatem voluptatem molestiae.",
                    "date": "2020-11-01T07:27:44.405Z",
                    "first_name": "Kim",
                    "last_name": "McLaughlin",
                    "avatar": "https://s3.amazonaws.com/uifaces/faces/twitter/michaelmartinho/128.jpg",
                    "type": "user"
                },
                {
                    "message": "Enim explicabo ut dicta. Fugit tenetur assumenda eos qui placeat at.",
                    "date": "2020-11-01T01:47:12.731Z",
                    "first_name": "Dominic",
                    "last_name": "Heathcote",
                    "avatar": "https://s3.amazonaws.com/uifaces/faces/twitter/balakayuriy/128.jpg",
                    "type": "user"
                },
                {
                    "message": "Sed earum adipisci commodi. Ipsum ea officia vel assumenda et est rerum. Est et ut commodi debitis fuga nostrum modi.",
                    "date": "2020-11-01T03:26:46.196Z",
                    "first_name": "Martha",
                    "last_name": "Auer",
                    "avatar": "https://s3.amazonaws.com/uifaces/faces/twitter/YoungCutlass/128.jpg",
                    "type": "user"
                }
            ]
        },
        {
            "date": "Sunday",
            "chats": [
                {
                    "message": "Culpa voluptatum illo qui. Sit soluta provident nisi sunt veritatis labore nesciunt.",
                    "date": "2020-11-01T13:07:14.610Z",
                    "first_name": "Bridget",
                    "last_name": "Sanford",
                    "avatar": "https://s3.amazonaws.com/uifaces/faces/twitter/abotap/128.jpg",
                    "type": "me"
                },
                {
                    "message": "Quia quia occaecati quos. Laboriosam veritatis et ut natus voluptas at ut. Sed tempora veritatis sint sed doloribus.",
                    "date": "2020-11-01T19:13:27.110Z",
                    "first_name": "Josefina",
                    "last_name": "Gerhold",
                    "avatar": "https://s3.amazonaws.com/uifaces/faces/twitter/mirfanqureshi/128.jpg",
                    "type": "user"
                },
                {
                    "message": "Porro quam natus dolorum facere molestiae. Aliquam sunt labore.",
                    "date": "2020-11-01T09:04:31.106Z",
                    "first_name": "Amy",
                    "last_name": "Lemke",
                    "avatar": "https://s3.amazonaws.com/uifaces/faces/twitter/her_ruu/128.jpg",
                    "type": "user"
                },
                {
                    "message": "Quisquam hic cum voluptatem dolore.",
                    "date": "2020-11-01T20:22:28.604Z",
                    "first_name": "Phyllis",
                    "last_name": "Wilderman",
                    "avatar": "https://s3.amazonaws.com/uifaces/faces/twitter/scottgallant/128.jpg",
                    "type": "me"
                },
                {
                    "message": "Facilis recusandae occaecati pariatur nihil ad enim sed. Maxime dolorem voluptatum iusto. Saepe omnis placeat nesciunt quam est deserunt rerum pariatur possimus.",
                    "date": "2020-11-01T01:01:42.759Z",
                    "first_name": "Susie",
                    "last_name": "Cronin",
                    "avatar": "https://s3.amazonaws.com/uifaces/faces/twitter/yecidsm/128.jpg",
                    "type": "me"
                }
            ]
        },
        {
            "date": "Sunday",
            "chats": [
                {
                    "message": "Cupiditate eius blanditiis eos in iusto ut. Qui qui in aut nobis rerum tempora. Corporis vitae dolores dolores.",
                    "date": "2020-11-01T12:44:18.019Z",
                    "first_name": "Floyd",
                    "last_name": "Smitham",
                    "avatar": "https://s3.amazonaws.com/uifaces/faces/twitter/adobi/128.jpg",
                    "type": "me"
                },
                {
                    "message": "Inventore laudantium nihil laborum eius sit pariatur. Eum reprehenderit dolorem recusandae culpa aut voluptas. Sunt omnis non aut sit quas tempora temporibus magni.",
                    "date": "2020-11-01T11:27:26.631Z",
                    "first_name": "Lucas",
                    "last_name": "Hamill",
                    "avatar": "https://s3.amazonaws.com/uifaces/faces/twitter/imcoding/128.jpg",
                    "type": "user"
                },
                {
                    "message": "Fuga pariatur dolorem. Quibusdam et vel ipsam occaecati debitis itaque.",
                    "date": "2020-11-01T15:38:27.706Z",
                    "first_name": "Delia",
                    "last_name": "Farrell",
                    "avatar": "https://s3.amazonaws.com/uifaces/faces/twitter/marlinjayakody/128.jpg",
                    "type": "me"
                },
                {
                    "message": "Voluptatem ipsam necessitatibus. Odit dignissimos natus dicta consequatur deleniti est praesentium quae. Odio cumque consequatur in consequatur molestiae.",
                    "date": "2020-11-01T08:00:06.752Z",
                    "first_name": "Dianne",
                    "last_name": "Jacobi",
                    "avatar": "https://s3.amazonaws.com/uifaces/faces/twitter/sergeyalmone/128.jpg",
                    "type": "me"
                },
                {
                    "message": "Officia facilis autem est esse provident quis sed. Iusto officiis ea quidem ipsam tempore voluptatibus vel.",
                    "date": "2020-11-01T22:31:09.202Z",
                    "first_name": "Kristi",
                    "last_name": "Lebsack",
                    "avatar": "https://s3.amazonaws.com/uifaces/faces/twitter/michaelcolenso/128.jpg",
                    "type": "me"
                }
            ]
        }
    ]
}